Player,PlayerData
andre-onana,"{'Attacking': {'Crossing': '15', 'Finishing': '12', 'Heading accuracy': '20', 'Short passing': '59', 'Volleys': '13'}, 'Skills': {'Dribbling': '26', 'Curve': '30', 'FK Accuracy': '17', 'Long passing': '57', 'Ball control': '38'}, 'Movement': {'Acceleration': '62', 'Sprint speed': '60', 'Agility': '66', 'Reactions': '83', 'Balance': '53'}, 'Power': {'Shot power': '66', 'Jumping': '80', 'Stamina': '38', 'Strength': '79', 'Long shots': '17'}, 'Mentality': {'Aggression': '38', 'Interceptions': '15', 'Att. Position': '11', 'Vision': '64', 'Penalties': '27', 'Composure': '68'}, 'Defending': {'Defensive awareness': '12', 'Standing tackle': '18', 'Sliding tackle': '14'}, 'Goalkeeping': {'GK Diving': '82', 'GK Handling': '75', 'GK Kicking': '88', 'GK Positioning': '80', 'GK Reflexes': '85'}}"
jose-diogo-dalot-teixeira,"{'Attacking': {'Crossing': '76', 'Finishing': '52', 'Heading accuracy': '77', 'Short passing': '78', 'Volleys': '44'}, 'Skills': {'Dribbling': '78', 'Curve': '80', 'FK Accuracy': '52', 'Long passing': '74', 'Ball control': '78'}, 'Movement': {'Acceleration': '74', 'Sprint speed': '86', 'Agility': '76', 'Reactions': '74', 'Balance': '70'}, 'Power': {'Shot power': '80', 'Jumping': '85', 'Stamina': '79', 'Strength': '75', 'Long shots': '71'}, 'Mentality': {'Aggression': '81', 'Interceptions': '78', 'Att. Position': '77', 'Vision': '78', 'Penalties': '47', 'Composure': '76'}, 'Defending': {'Defensive awareness': '71', 'Standing tackle': '79', 'Sliding tackle': '78'}, 'Goalkeeping': {'GK Diving': '10', 'GK Handling': '6', 'GK Kicking': '10', 'GK Positioning': '6', 'GK Reflexes': '8'}}"
harry-maguire,"{'Attacking': {'Crossing': '51', 'Finishing': '48', 'Heading accuracy': '87', 'Short passing': '79', 'Volleys': '49'}, 'Skills': {'Dribbling': '68', 'Curve': '67', 'FK Accuracy': '46', 'Long passing': '82', 'Ball control': '73'}, 'Movement': {'Acceleration': '44', 'Sprint speed': '47', 'Agility': '36', 'Reactions': '78', 'Balance': '33'}, 'Power': {'Shot power': '82', 'Jumping': '84', 'Stamina': '68', 'Strength': '90', 'Long shots': '52'}, 'Mentality': {'Aggression': '84', 'Interceptions': '80', 'Att. Position': '61', 'Vision': '69', 'Penalties': '68', 'Composure': '80'}, 'Defending': {'Defensive awareness': '78', 'Standing tackle': '79', 'Sliding tackle': '70'}, 'Goalkeeping': {'GK Diving': '14', 'GK Handling': '16', 'GK Kicking': '9', 'GK Positioning': '14', 'GK Reflexes': '9'}}"
victor-lindelof,"{'Attacking': {'Crossing': '62', 'Finishing': '42', 'Heading accuracy': '75', 'Short passing': '80', 'Volleys': '38'}, 'Skills': {'Dribbling': '70', 'Curve': '67', 'FK Accuracy': '53', 'Long passing': '82', 'Ball control': '77'}, 'Movement': {'Acceleration': '54', 'Sprint speed': '63', 'Agility': '62', 'Reactions': '78', 'Balance': '60'}, 'Power': {'Shot power': '72', 'Jumping': '76', 'Stamina': '69', 'Strength': '76', 'Long shots': '52'}, 'Mentality': {'Aggression': '76', 'Interceptions': '83', 'Att. Position': '51', 'Vision': '72', 'Penalties': '60', 'Composure': '83'}, 'Defending': {'Defensive awareness': '83', 'Standing tackle': '81', 'Sliding tackle': '78'}, 'Goalkeeping': {'GK Diving': '12', 'GK Handling': '16', 'GK Kicking': '8', 'GK Positioning': '7', 'GK Reflexes': '9'}}"
luke-shaw,"{'Attacking': {'Crossing': '85', 'Finishing': '46', 'Heading accuracy': '76', 'Short passing': '84', 'Volleys': '65'}, 'Skills': {'Dribbling': '78', 'Curve': '86', 'FK Accuracy': '67', 'Long passing': '77', 'Ball control': '83'}, 'Movement': {'Acceleration': '74', 'Sprint speed': '77', 'Agility': '71', '-1': '80', 'Balance': '74'}, 'Power': {'Shot power': '78', 'Jumping': '85', 'Stamina': '73', 'Strength': '77', 'Long shots': '56'}, 'Mentality': {'Aggression': '85', 'Interceptions': '83', 'Att. Position': '78', 'Vision': '80', 'Penalties': '38', 'Composure': '84'}, 'Defending': {'-1': '80', 'Standing tackle': '83', 'Sliding tackle': '79'}, 'Goalkeeping': {'GK Diving': '10', 'GK Handling': '12', 'GK Kicking': '13', 'GK Positioning': '7', 'GK Reflexes': '7'}}"
sofyan-amrabat,"{'Attacking': {'Crossing': '63', 'Finishing': '70', 'Heading accuracy': '61', 'Short passing': '82', 'Volleys': '68'}, 'Skills': {'Dribbling': '74', 'Curve': '72', 'FK Accuracy': '65', 'Long passing': '80', 'Ball control': '82'}, 'Movement': {'Acceleration': '62', 'Sprint speed': '69', 'Agility': '62', 'Reactions': '75', 'Balance': '80'}, 'Power': {'Shot power': '75', 'Jumping': '74', 'Stamina': '81', 'Strength': '80', 'Long shots': '75'}, 'Mentality': {'Aggression': '86', 'Interceptions': '74', 'Att. Position': '68', 'Vision': '75', 'Penalties': '57', 'Composure': '80'}, 'Defending': {'Defensive awareness': '74', 'Standing tackle': '79', 'Sliding tackle': '72'}, 'Goalkeeping': {'GK Diving': '13', 'GK Handling': '13', 'GK Kicking': '6', 'GK Positioning': '16', 'GK Reflexes': '12'}}"
scott-mctominay,"{'Attacking': {'Crossing': '65', 'Finishing': '76', 'Heading accuracy': '76', 'Short passing': '76', 'Volleys': '73'}, 'Skills': {'Dribbling': '76', 'Curve': '68', 'FK Accuracy': '60', 'Long passing': '79', 'Ball control': '75'}, 'Movement': {'Acceleration': '55', 'Sprint speed': '59', 'Agility': '58', 'Reactions': '76', 'Balance': '49'}, 'Power': {'Shot power': '85', 'Jumping': '81', 'Stamina': '83', 'Strength': '83', 'Long shots': '80'}, 'Mentality': {'Aggression': '90', 'Interceptions': '78', 'Att. Position': '79', 'Vision': '66', 'Penalties': '60', 'Composure': '73'}, 'Defending': {'Defensive awareness': '74', 'Standing tackle': '79', 'Sliding tackle': '73'}, 'Goalkeeping': {'GK Diving': '9', 'GK Handling': '6', 'GK Kicking': '6', 'GK Positioning': '10', 'GK Reflexes': '11'}}"
bruno-miguel-borges-fernandes,"{'Attacking': {'-2': '82', 'Finishing': '83', '-3': '63', '-1': '89', 'Volleys': '87'}, 'Skills': {'-2': '86', '-1': '85', '-3': '82'}, 'Movement': {'Acceleration': '74', 'Sprint speed': '68', '-1': '90', '-2': '76'}, 'Power': {'Shot power': '88', '-2': '84', 'Stamina': '95', '-3': '60'}, 'Mentality': {'Aggression': '84', 'Interceptions': '66', 'Att. Position': '87', 'Vision': '94', 'Penalties': '90', '-3': '79'}, 'Defending': {'-3': '62', '-1': '73', '-2': '63'}, 'Goalkeeping': {'GK Diving': '12', 'GK Handling': '14', 'GK Kicking': '15', 'GK Positioning': '8', 'GK Reflexes': '14'}}"
antony-matheus-dos-santos,"{'Attacking': {'-3': '70', 'Heading accuracy': '45', 'Short passing': '74', '-2': '62'}, 'Skills': {'-1': '86', '-2': '70', 'Long passing': '62'}, 'Movement': {'Acceleration': '89', 'Sprint speed': '78', 'Agility': '93', 'Reactions': '80', 'Balance': '88'}, 'Power': {'Shot power': '73', 'Jumping': '70', 'Stamina': '84', 'Strength': '62', '-3': '75'}, 'Mentality': {'Aggression': '86', 'Interceptions': '50', 'Att. Position': '76', 'Vision': '74', 'Penalties': '66', 'Composure': '79'}, 'Defending': {'Defensive awareness': '37', 'Standing tackle': '45', '-3': '28'}, 'Goalkeeping': {'GK Diving': '9', 'GK Handling': '10', 'GK Kicking': '14', 'GK Positioning': '8', 'GK Reflexes': '13'}}"
rasmus-hojlund,"{'Attacking': {'Crossing': '38', 'Finishing': '78', 'Heading accuracy': '70', '+1': '71', 'Volleys': '68'}, 'Skills': {'+1': '76', 'Curve': '58', 'FK Accuracy': '48', 'Long passing': '49', '-1': '75'}, 'Movement': {'Acceleration': '84', 'Sprint speed': '86', 'Agility': '69', '+3': '78', 'Balance': '63'}, 'Power': {'+4': '82', 'Jumping': '88', '+3': '78', 'Strength': '85', 'Long shots': '70'}, 'Mentality': {'+2': '82', 'Interceptions': '28', '+1': '79', '+5': '63', 'Penalties': '70', '+3': '75'}, 'Defending': {'+5': '32', 'Standing tackle': '28', 'Sliding tackle': '19'}, 'Goalkeeping': {'GK Diving': '12', 'GK Handling': '8', 'GK Kicking': '9', 'GK Positioning': '14', 'GK Reflexes': '7'}}"
alejandro-garnacho-ferreyra,"{'Attacking': {'Crossing': '68', 'Finishing': '70', 'Heading accuracy': '44', 'Short passing': '69', 'Volleys': '65'}, 'Skills': {'Dribbling': '76', 'Curve': '75', 'FK Accuracy': '61', '+4': '56', 'Ball control': '74'}, 'Movement': {'Acceleration': '86', 'Sprint speed': '83', '+2': '87', 'Reactions': '76', '+1': '88'}, 'Power': {'Shot power': '77', 'Jumping': '58', '+3': '72', 'Strength': '47', 'Long shots': '67'}, 'Mentality': {'Aggression': '64', 'Interceptions': '40', 'Att. Position': '75', 'Vision': '69', 'Penalties': '56', 'Composure': '73'}, 'Defending': {'+4': '32', 'Standing tackle': '37', 'Sliding tackle': '29'}, 'Goalkeeping': {'GK Diving': '6', 'GK Handling': '15', 'GK Kicking': '14', 'GK Positioning': '13', 'GK Reflexes': '7'}}"
marcus-rashford,"{'Attacking': {'Crossing': '76', '-2': '82', '-3': '71', 'Short passing': '79', '-1': '73'}, 'Skills': {'Dribbling': '86', '-2': '75', 'Long passing': '72', 'Ball control': '83'}, 'Movement': {'Acceleration': '88', 'Sprint speed': '91', '-1': '80', '-2': '82', '-3': '69'}, 'Power': {'Shot power': '93', '-2': '82', '-3': '70', '-4': '65', '-1': '78'}, 'Mentality': {'-6': '54', '-5': '27', '-2': '76', 'Vision': '77', 'Penalties': '85'}, 'Defending': {'-5': '30', '-4': '24'}, 'Goalkeeping': {'GK Diving': '11', 'GK Handling': '6', 'GK Kicking': '15', 'GK Positioning': '7', 'GK Reflexes': '14'}}"
anthony-martial,"{'Attacking': {'Crossing': '70', '-2': '77', 'Heading accuracy': '70', 'Short passing': '78', 'Volleys': '76'}, 'Skills': {'Dribbling': '85', 'Curve': '84', 'FK Accuracy': '54', 'Long passing': '60', 'Ball control': '84'}, 'Movement': {'Acceleration': '80', '-2': '77', 'Agility': '79', '-3': '75', 'Balance': '77'}, 'Power': {'Shot power': '82', 'Jumping': '81', '-3': '54', '-2': '72', '-1': '72'}, 'Mentality': {'Aggression': '54', 'Interceptions': '34', '-2': '76', 'Vision': '77', 'Penalties': '80', 'Composure': '82'}, 'Defending': {'Defensive awareness': '26', 'Standing tackle': '33', 'Sliding tackle': '31'}, 'Goalkeeping': {'GK Diving': '9', 'GK Handling': '8', 'GK Kicking': '8', 'GK Positioning': '15', 'GK Reflexes': '11'}}"
christian-eriksen,"{'Attacking': {'Crossing': '85', 'Finishing': '71', 'Heading accuracy': '50', 'Short passing': '90', 'Volleys': '80'}, 'Skills': {'Dribbling': '76', 'Curve': '89', 'FK Accuracy': '87', 'Long passing': '89', 'Ball control': '90'}, 'Movement': {'Acceleration': '62', 'Sprint speed': '54', 'Agility': '65', 'Reactions': '79', 'Balance': '72'}, 'Power': {'Shot power': '81', 'Jumping': '57', 'Stamina': '74', 'Strength': '50', 'Long shots': '82'}, 'Mentality': {'Aggression': '35', 'Interceptions': '52', 'Att. Position': '75', 'Vision': '89', 'Penalties': '72', 'Composure': '86'}, 'Defending': {'Defensive awareness': '53', 'Standing tackle': '57', 'Sliding tackle': '22'}, 'Goalkeeping': {'GK Diving': '9', 'GK Handling': '14', 'GK Kicking': '7', 'GK Positioning': '7', 'GK Reflexes': '6'}}"
kobbie-mainoo,"{'Attacking': {'Crossing': '48', 'Finishing': '55', 'Heading accuracy': '62', 'Short passing': '66', 'Volleys': '52'}, 'Skills': {'Dribbling': '68', 'Curve': '63', 'FK Accuracy': '41', 'Long passing': '64', 'Ball control': '64'}, 'Movement': {'Acceleration': '77', 'Sprint speed': '72', 'Agility': '77', 'Reactions': '65', 'Balance': '84'}, 'Power': {'Shot power': '64', 'Jumping': '76', 'Stamina': '67', 'Strength': '68', 'Long shots': '48'}, 'Mentality': {'Aggression': '65', 'Interceptions': '62', 'Att. Position': '60', 'Vision': '62', 'Penalties': '51', 'Composure': '75'}, 'Defending': {'Defensive awareness': '65', 'Standing tackle': '63', 'Sliding tackle': '61'}, 'Goalkeeping': {'GK Diving': '14', 'GK Handling': '11', 'GK Kicking': '10', 'GK Positioning': '5', 'GK Reflexes': '9'}}"
aaron-wan-bissaka,"{'Attacking': {'Crossing': '70', 'Finishing': '44', 'Heading accuracy': '50', 'Short passing': '75', 'Volleys': '43'}, 'Skills': {'Dribbling': '80', 'Curve': '73', 'FK Accuracy': '45', 'Long passing': '58', 'Ball control': '73'}, 'Movement': {'Acceleration': '78', 'Sprint speed': '87', 'Agility': '80', 'Reactions': '79', 'Balance': '69'}, 'Power': {'Shot power': '70', 'Jumping': '70', 'Stamina': '75', 'Strength': '68', 'Long shots': '44'}, 'Mentality': {'Aggression': '74', 'Interceptions': '83', 'Att. Position': '70', 'Vision': '65', 'Penalties': '44', 'Composure': '77'}, 'Defending': {'Defensive awareness': '73', 'Standing tackle': '82', 'Sliding tackle': '90'}, 'Goalkeeping': {'GK Diving': '9', 'GK Handling': '8', 'GK Kicking': '6', 'GK Positioning': '8', 'GK Reflexes': '8'}}"
sergio-reguilon-rodriguez,"{'Attacking': {'Crossing': '76', 'Finishing': '53', 'Heading accuracy': '72', 'Short passing': '76', 'Volleys': '43'}, 'Skills': {'Dribbling': '77', 'Curve': '73', 'FK Accuracy': '43', 'Long passing': '68', 'Ball control': '76'}, 'Movement': {'Acceleration': '83', 'Sprint speed': '81', 'Agility': '76', 'Reactions': '73', 'Balance': '75'}, 'Power': {'Shot power': '69', 'Jumping': '80', 'Stamina': '72', 'Strength': '60', 'Long shots': '58'}, 'Mentality': {'Aggression': '75', 'Interceptions': '73', 'Att. Position': '76', 'Vision': '73', 'Penalties': '42', 'Composure': '74'}, 'Defending': {'Defensive awareness': '71', 'Standing tackle': '75', 'Sliding tackle': '72'}, 'Goalkeeping': {'GK Diving': '11', 'GK Handling': '14', 'GK Kicking': '9', 'GK Positioning': '5', 'GK Reflexes': '12'}}"
altay-bayindir,"{'Attacking': {'Crossing': '11', 'Finishing': '10', 'Heading accuracy': '14', 'Short passing': '35', 'Volleys': '15'}, 'Skills': {'Dribbling': '10', 'Curve': '10', 'FK Accuracy': '14', 'Long passing': '43', 'Ball control': '16'}, 'Movement': {'Acceleration': '30', 'Sprint speed': '31', 'Agility': '51', 'Reactions': '69', 'Balance': '24'}, 'Power': {'Shot power': '54', 'Jumping': '61', 'Stamina': '31', 'Strength': '68', 'Long shots': '11'}, 'Mentality': {'Aggression': '29', 'Interceptions': '14', 'Att. Position': '14', 'Vision': '55', 'Penalties': '16', 'Composure': '62'}, 'Defending': {'Defensive awareness': '14', 'Standing tackle': '13', 'Sliding tackle': '10'}, 'Goalkeeping': {'GK Diving': '78', 'GK Handling': '73', 'GK Kicking': '72', 'GK Positioning': '76', 'GK Reflexes': '79'}}"
jonny-evans,"{'Attacking': {'Crossing': '52', 'Finishing': '28', 'Heading accuracy': '75', 'Short passing': '72', 'Volleys': '46'}, 'Skills': {'Dribbling': '51', 'Curve': '42', 'FK Accuracy': '37', 'Long passing': '68', 'Ball control': '69'}, 'Movement': {'Acceleration': '39', 'Sprint speed': '36', 'Agility': '33', 'Reactions': '74', 'Balance': '55'}, 'Power': {'Shot power': '42', 'Jumping': '69', 'Stamina': '53', 'Strength': '71', 'Long shots': '24'}, 'Mentality': {'Aggression': '80', 'Interceptions': '78', 'Att. Position': '31', 'Vision': '59', 'Penalties': '44', 'Composure': '81'}, 'Defending': {'Defensive awareness': '82', 'Standing tackle': '75', 'Sliding tackle': '73'}, 'Goalkeeping': {'GK Diving': '12', 'GK Handling': '16', 'GK Kicking': '16', 'GK Positioning': '15', 'GK Reflexes': '8'}}"
raphael-varane,"{'Attacking': {'Crossing': '42', 'Finishing': '46', 'Heading accuracy': '85', 'Short passing': '79', 'Volleys': '42'}, 'Skills': {'Dribbling': '67', 'Curve': '46', 'FK Accuracy': '52', 'Long passing': '76', 'Ball control': '75'}, 'Movement': {'Acceleration': '73', 'Sprint speed': '82', 'Agility': '62', 'Reactions': '85', 'Balance': '39'}, 'Power': {'Shot power': '52', 'Jumping': '90', 'Stamina': '58', 'Strength': '84', 'Long shots': '53'}, 'Mentality': {'Aggression': '78', 'Interceptions': '83', 'Att. Position': '55', 'Vision': '59', 'Penalties': '43', 'Composure': '80'}, 'Defending': {'Defensive awareness': '86', 'Standing tackle': '87', 'Sliding tackle': '79'}, 'Goalkeeping': {'GK Diving': '11', 'GK Handling': '11', 'GK Kicking': '9', 'GK Positioning': '5', 'GK Reflexes': '14'}}"
hannibal-mejbri,"{'Attacking': {'Crossing': '68', 'Finishing': '55', 'Heading accuracy': '53', 'Short passing': '70', 'Volleys': '54'}, 'Skills': {'Dribbling': '69', 'Curve': '75', 'FK Accuracy': '67', 'Long passing': '69', 'Ball control': '68'}, 'Movement': {'Acceleration': '72', 'Sprint speed': '74', 'Agility': '76', 'Reactions': '70', 'Balance': '74'}, 'Power': {'Shot power': '68', 'Jumping': '68', 'Stamina': '78', 'Strength': '68', 'Long shots': '62'}, 'Mentality': {'Aggression': '88', 'Interceptions': '64', 'Att. Position': '66', 'Vision': '71', 'Penalties': '56', 'Composure': '73'}, 'Defending': {'Defensive awareness': '64', 'Standing tackle': '68', 'Sliding tackle': '67'}, 'Goalkeeping': {'GK Diving': '9', 'GK Handling': '5', 'GK Kicking': '10', 'GK Positioning': '11', 'GK Reflexes': '7'}}"
facundo-pellistri,"{'Attacking': {'+1': '69', '-2': '60', '+2': '56', '-1': '57'}, 'Skills': {'Dribbling': '75', '+2': '70', 'FK Accuracy': '62', 'Long passing': '55', 'Ball control': '72'}, 'Movement': {'Acceleration': '84', 'Sprint speed': '79', 'Agility': '84', 'Reactions': '73', 'Balance': '90'}, 'Power': {'Shot power': '68', '+2': '71', 'Stamina': '74', 'Strength': '58', '-2': '58'}, 'Mentality': {'Aggression': '67', 'Interceptions': '34', 'Att. Position': '71', 'Vision': '64', 'Penalties': '66', 'Composure': '70'}, 'Defending': {'Defensive awareness': '39', 'Standing tackle': '38', 'Sliding tackle': '28'}, 'Goalkeeping': {'GK Diving': '9', 'GK Handling': '12', 'GK Kicking': '7', 'GK Positioning': '8', 'GK Reflexes': '7'}}"
donny-van-de-beek,"{'Attacking': {'Crossing': '63', 'Finishing': '75', 'Heading accuracy': '67', 'Short passing': '79', 'Volleys': '76'}, 'Skills': {'Dribbling': '74', 'Curve': '76', 'FK Accuracy': '65', 'Long passing': '75', 'Ball control': '83'}, 'Movement': {'Acceleration': '63', 'Sprint speed': '66', 'Agility': '69', '-2': '74', 'Balance': '68'}, 'Power': {'Shot power': '82', 'Jumping': '71', '-3': '57', 'Strength': '70', 'Long shots': '78'}, 'Mentality': {'Aggression': '76', 'Interceptions': '73', 'Att. Position': '78', 'Vision': '77', 'Penalties': '61', 'Composure': '78'}, 'Defending': {'Defensive awareness': '68', 'Standing tackle': '72', 'Sliding tackle': '71'}, 'Goalkeeping': {'GK Diving': '7', 'GK Handling': '12', 'GK Kicking': '8', 'GK Positioning': '10', 'GK Reflexes': '14'}}"
jadon-sancho,"{'Attacking': {'Crossing': '77', 'Finishing': '76', 'Heading accuracy': '38', 'Short passing': '85', 'Volleys': '80'}, 'Skills': {'Dribbling': '89', 'Curve': '84', 'FK Accuracy': '65', 'Long passing': '68', 'Ball control': '86'}, 'Movement': {'Acceleration': '81', 'Sprint speed': '75', 'Agility': '89', '-3': '75', 'Balance': '89'}, 'Power': {'Shot power': '63', '-3': '42', '-2': '55', 'Long shots': '59'}, 'Mentality': {'Aggression': '25', '-5': '31', 'Att. Position': '82', 'Vision': '84', 'Penalties': '74', 'Composure': '85'}, 'Defending': {'Defensive awareness': '30', '-4': '30', '-3': '25'}, 'Goalkeeping': {'GK Diving': '7', 'GK Handling': '11', 'GK Kicking': '10', 'GK Positioning': '11', 'GK Reflexes': '13'}}"
mason-mount,"{'Attacking': {'Crossing': '81', 'Finishing': '78', 'Heading accuracy': '55', 'Short passing': '83', 'Volleys': '75'}, 'Skills': {'Dribbling': '80', 'Curve': '82', 'FK Accuracy': '84', 'Long passing': '83', 'Ball control': '81'}, 'Movement': {'Acceleration': '75', 'Sprint speed': '70', 'Agility': '76', 'Reactions': '81', 'Balance': '75'}, 'Power': {'Shot power': '81', 'Jumping': '67', 'Stamina': '83', 'Strength': '58', 'Long shots': '80'}, 'Mentality': {'Aggression': '73', 'Interceptions': '63', 'Att. Position': '79', 'Vision': '79', 'Penalties': '69', 'Composure': '82'}, 'Defending': {'Defensive awareness': '58', 'Standing tackle': '66', 'Sliding tackle': '53'}, 'Goalkeeping': {'GK Diving': '11', 'GK Handling': '12', 'GK Kicking': '13', 'GK Positioning': '8', 'GK Reflexes': '12'}}"
carlos-henrique-venancio-casimiro,"{'Attacking': {'Crossing': '68', 'Finishing': '69', 'Heading accuracy': '85', 'Short passing': '82', 'Volleys': '68'}, 'Skills': {'Dribbling': '69', 'Curve': '77', 'FK Accuracy': '74', 'Long passing': '85', 'Ball control': '79'}, 'Movement': {'Acceleration': '58', 'Sprint speed': '63', 'Agility': '60', 'Reactions': '88', 'Balance': '63'}, 'Power': {'Shot power': '88', 'Jumping': '85', 'Stamina': '84', 'Strength': '88', 'Long shots': '81'}, 'Mentality': {'Aggression': '91', 'Interceptions': '89', 'Att. Position': '77', 'Vision': '79', 'Penalties': '66', 'Composure': '83'}, 'Defending': {'Defensive awareness': '88', 'Standing tackle': '89', 'Sliding tackle': '88'}, 'Goalkeeping': {'GK Diving': '13', 'GK Handling': '14', 'GK Kicking': '16', 'GK Positioning': '12', 'GK Reflexes': '12'}}"
lisandro-martinez,"{'Attacking': {'Crossing': '75', 'Finishing': '52', 'Heading accuracy': '75', 'Short passing': '83', 'Volleys': '56'}, 'Skills': {'Dribbling': '76', 'Curve': '77', 'FK Accuracy': '55', 'Long passing': '83', 'Ball control': '81'}, 'Movement': {'Acceleration': '77', 'Sprint speed': '70', 'Agility': '77', 'Reactions': '84', 'Balance': '82'}, 'Power': {'Shot power': '73', 'Jumping': '85', 'Stamina': '79', 'Strength': '80', 'Long shots': '64'}, 'Mentality': {'Aggression': '91', 'Interceptions': '85', 'Att. Position': '62', 'Vision': '76', 'Penalties': '55', 'Composure': '87'}, 'Defending': {'Defensive awareness': '85', 'Standing tackle': '87', 'Sliding tackle': '84'}, 'Goalkeeping': {'GK Diving': '6', 'GK Handling': '14', 'GK Kicking': '13', 'GK Positioning': '14', 'GK Reflexes': '8'}}"
amad-diallo,"{'Attacking': {'Crossing': '59', 'Finishing': '73', 'Heading accuracy': '48', 'Short passing': '68', 'Volleys': '54'}, 'Skills': {'Dribbling': '79', 'Curve': '62', 'FK Accuracy': '60', 'Long passing': '57', 'Ball control': '78'}, 'Movement': {'Acceleration': '88', 'Sprint speed': '82', 'Agility': '92', 'Reactions': '63', 'Balance': '85'}, 'Power': {'Shot power': '74', 'Jumping': '61', 'Stamina': '65', 'Strength': '45', 'Long shots': '69'}, 'Mentality': {'Aggression': '42', 'Interceptions': '22', 'Att. Position': '72', 'Vision': '65', 'Penalties': '63', 'Composure': '67'}, 'Defending': {'Defensive awareness': '19', 'Standing tackle': '25', 'Sliding tackle': '22'}, 'Goalkeeping': {'GK Diving': '13', 'GK Handling': '15', 'GK Kicking': '8', 'GK Positioning': '11', 'GK Reflexes': '6'}}"
tyrell-malacia,"{'Attacking': {'Crossing': '70', 'Finishing': '50', 'Heading accuracy': '58', '-1': '76', 'Volleys': '57'}, 'Skills': {'-1': '77', 'Curve': '62', 'FK Accuracy': '50', 'Long passing': '65', 'Ball control': '74'}, 'Movement': {'Acceleration': '81', 'Sprint speed': '83', 'Agility': '84', 'Reactions': '70', 'Balance': '90'}, 'Power': {'Shot power': '65', '-1': '70', '-2': '75', 'Long shots': '60'}, 'Mentality': {'Aggression': '84', 'Interceptions': '76', '-2': '55', 'Vision': '61', 'Penalties': '46', 'Composure': '75'}, 'Defending': {'Defensive awareness': '70', 'Standing tackle': '80', 'Sliding tackle': '81'}, 'Goalkeeping': {'GK Diving': '9', 'GK Handling': '9', 'GK Kicking': '12', 'GK Positioning': '8', 'GK Reflexes': '8'}}"
tom-heaton,"{'Attacking': {'Crossing': '17', 'Finishing': '12', 'Heading accuracy': '16', 'Short passing': '38', 'Volleys': '12'}, 'Skills': {'Dribbling': '17', 'Curve': '22', 'FK Accuracy': '13', 'Long passing': '45', 'Ball control': '35'}, 'Movement': {'Acceleration': '48', 'Sprint speed': '41', 'Agility': '54', 'Reactions': '61', 'Balance': '50'}, 'Power': {'Shot power': '54', 'Jumping': '65', 'Stamina': '33', 'Strength': '65', 'Long shots': '12'}, 'Mentality': {'Aggression': '31', 'Interceptions': '24', 'Att. Position': '12', 'Vision': '48', 'Penalties': '24', 'Composure': '59'}, 'Defending': {'Defensive awareness': '16', 'Standing tackle': '15', 'Sliding tackle': '13'}, 'Goalkeeping': {'GK Diving': '71', 'GK Handling': '71', 'GK Kicking': '72', 'GK Positioning': '73', 'GK Reflexes': '72'}}"
shola-shoretire,"{'Attacking': {'Crossing': '54', 'Finishing': '56', 'Heading accuracy': '51', 'Short passing': '58', 'Volleys': '51'}, 'Skills': {'Dribbling': '65', 'Curve': '58', 'FK Accuracy': '43', 'Long passing': '53', 'Ball control': '64'}, 'Movement': {'Acceleration': '72', 'Sprint speed': '73', 'Agility': '84', 'Reactions': '59', 'Balance': '87'}, 'Power': {'Shot power': '53', 'Jumping': '59', 'Stamina': '59', 'Strength': '51', 'Long shots': '50'}, 'Mentality': {'Aggression': '55', 'Interceptions': '36', 'Att. Position': '63', 'Vision': '63', 'Penalties': '50', 'Composure': '62'}, 'Defending': {'Defensive awareness': '32', 'Standing tackle': '40', 'Sliding tackle': '34'}, 'Goalkeeping': {'GK Diving': '7', 'GK Handling': '7', 'GK Kicking': '8', 'GK Positioning': '5', 'GK Reflexes': '9'}}"
daniel-gore,"{'Attacking': {'Crossing': '52', 'Finishing': '48', 'Heading accuracy': '27', 'Short passing': '65', 'Volleys': '46'}, 'Skills': {'Dribbling': '65', 'Curve': '60', 'FK Accuracy': '45', 'Long passing': '62', 'Ball control': '64'}, 'Movement': {'Acceleration': '75', 'Sprint speed': '69', 'Agility': '80', 'Reactions': '63', 'Balance': '84'}, 'Power': {'Shot power': '56', 'Jumping': '44', 'Stamina': '62', 'Strength': '45', 'Long shots': '49'}, 'Mentality': {'Aggression': '70', 'Interceptions': '49', 'Att. Position': '58', 'Vision': '62', 'Penalties': '42', 'Composure': '64'}, 'Defending': {'Defensive awareness': '47', 'Standing tackle': '53', 'Sliding tackle': '55'}, 'Goalkeeping': {'GK Diving': '8', 'GK Handling': '9', 'GK Kicking': '12', 'GK Positioning': '12', 'GK Reflexes': '10'}}"
rhys-bennett,"{'Attacking': {'Crossing': '35', 'Finishing': '31', 'Heading accuracy': '63', 'Short passing': '57', 'Volleys': '38'}, 'Skills': {'Dribbling': '50', 'Curve': '42', 'FK Accuracy': '27', 'Long passing': '53', 'Ball control': '52'}, 'Movement': {'Acceleration': '58', 'Sprint speed': '59', 'Agility': '58', 'Reactions': '58', 'Balance': '52'}, 'Power': {'Shot power': '52', 'Jumping': '68', 'Stamina': '58', 'Strength': '70', 'Long shots': '39'}, 'Mentality': {'Aggression': '64', 'Interceptions': '59', 'Att. Position': '26', 'Vision': '48', 'Penalties': '36', 'Composure': '62'}, 'Defending': {'Defensive awareness': '58', 'Standing tackle': '60', 'Sliding tackle': '59'}, 'Goalkeeping': {'GK Diving': '5', 'GK Handling': '10', 'GK Kicking': '9', 'GK Positioning': '6', 'GK Reflexes': '5'}}"
